{
	"format_version": "1.8.0",
	"animations": {
		"animation.rugido": {
			"animation_length": 1.12,
			"bones": {
				"body": {
					"rotation": {
						"0.0": [17.5, 0, 0],
						"0.16": [-2.5, 0, 0],
						"0.24": [15, 0, 0]
					}
				},
				"Sla3": {
					"rotation": [15.42382, -6.89463, 3.76999]
				},
				"head": {
					"rotation": {
						"0.0": [92.5, 0, 0],
						"0.04": [70, 0, 0],
						"0.08": [22.5, 0, 0],
						"0.16": [5, 0, 0],
						"0.2": [-30, 0, 0],
						"0.24": [15, 0, 0],
						"0.32": [42.5, 5, -15],
						"0.4": [50, 5, -15]
					}
				},
				"rightArm": {
					"rotation": {
						"0.0": [10, 0, 0],
						"0.04": [-10, 0, 0],
						"0.08": [-50, 0, 0],
						"0.16": [-117.5, 0, 0],
						"0.2": [-167.5, 0, 0],
						"0.24": [-77.5, 17.5, 15],
						"0.32": [-5, 17.5, 15],
						"0.4": [32.5, 17.5, 15]
					}
				},
				"leftArm": {
					"rotation": {
						"0.0": [7.5, 0, 0],
						"0.04": [-5, 0, 0],
						"0.08": [-40, 0, 0],
						"0.16": [-125, 0, -12.5],
						"0.2": [-170, 0, -12.5],
						"0.24": [-78.93226, -23.46182, -31.71576],
						"0.32": [-11.43, -23.46, -31.72],
						"0.4": [18.57, -23.46, -31.72]
					}
				},
				"rightLeg": {
					"rotation": {
						"0.0": [5, 0, 0],
						"0.04": [-2.5, 0, 0],
						"0.24": [-2.5, 0, 10],
						"0.32": [-2.5, -70, 10],
						"0.4": [7.5, -70, 5]
					},
					"position": [0, 0, 4]
				},
				"leftLeg": {
					"rotation": {
						"0.24": [0, 0, -12.5],
						"0.4": [-15, 0, -12.5]
					},
					"position": [0, 0, 5]
				}
			}
		}
	}
}