{
	"format_version": "1.8.0",
	"animations": {
		"animation.abertura": {
			"animation_length": 1.04,
			"bones": {
				"head": {
					"rotation": {
						"0.0": [35, 0, 0],
						"0.04": [40, 0, 0],
						"0.24": [-2.5, 0, 0],
						"0.4": [0, 0, 0]
					}
				},
				"body": {
					"rotation": {
						"0.0": [5, 0, 0],
						"0.24": [10, -12.5, 0],
						"0.32": [15, -12.5, 0]
					}
				},
				"rightLeg": {
					"rotation": {
						"0.0": [7.5, 0, 15],
						"0.24": [7.5, 0, 25],
						"0.32": [7.5, 0, 15]
					}
				},
				"leftLeg": {
					"rotation": {
						"0.0": [0, 0, -12.5],
						"0.24": [0, 0, -25],
						"0.32": [0, 0, -17.5]
					}
				},
				"leftArm": {
					"rotation": {
						"0.0": [0, 0, -197.5],
						"0.04": [0, -2.5, -167.5],
						"0.12": [0, -2.5, -140],
						"0.2": [0, -2.5, -80],
						"0.24": [-5.69451, -14.32295, -33.40084],
						"0.32": [-5.69, -14.32, -58.4]
					}
				},
				"rightArm": {
					"rotation": {
						"0.0": [0, 0, 197.5],
						"0.04": [0, -7.5, 175],
						"0.12": [0, -7.5, 145],
						"0.2": [0, -7.5, 90],
						"0.24": [0, -7.5, 47.5],
						"0.32": [0, -7.5, 60]
					}
				}
			}
		}
	}
}