{
	"format_version": "1.12.0",
	"minecraft:geometry": [
		{
			"description": {
				"identifier": "geometry.aura",
				"texture_width": 1,
				"texture_height": 1,
				"visible_bounds_width": 5,
				"visible_bounds_height": 5,
				"visible_bounds_offset": [0, 1.5, 0]
			},
			"bones": [
				{
					"name": "hexadecagon",
					"pivot": [0, 0, 0],
					"cubes": [
						{
							"origin": [-6, -18.5, -30.16404],
							"size": [12, 62, 1.5],
							"pivot": [0, 0, 0],
							"rotation": [0, 45, 0],
							"uv": {
								"north": {"uv": [0, 0], "uv_size": [0.00091, 0.0011]},
								"east": {"uv": [0, 0], "uv_size": [0.00091, 0.0011]},
								"south": {"uv": [0, 0], "uv_size": [0.00091, 0.0011]},
								"west": {"uv": [0, 0], "uv_size": [0.00091, 0.0011]},
								"up": {"uv": [0.00091, 0.0011], "uv_size": [-0.00091, -0.0011]},
								"down": {"uv": [0.00091, 0.0011], "uv_size": [-0.00091, -0.0011]}
							}
						},
						{
							"origin": [-6, -18.5, -30.16404],
							"size": [12, 62, 1.5],
							"pivot": [0, 0, 0],
							"rotation": [0, 22.5, 0],
							"uv": {
								"north": {"uv": [0, 0], "uv_size": [0.00091, 0.0011]},
								"east": {"uv": [0, 0], "uv_size": [0.00091, 0.0011]},
								"south": {"uv": [0, 0], "uv_size": [0.00091, 0.0011]},
								"west": {"uv": [0, 0], "uv_size": [0.00091, 0.0011]},
								"up": {"uv": [0.00091, 0.0011], "uv_size": [-0.00091, -0.0011]},
								"down": {"uv": [0.00091, 0.0011], "uv_size": [-0.00091, -0.0011]}
							}
						},
						{
							"origin": [-6, -18.5, -30.16404],
							"size": [12, 62, 1.5],
							"uv": {
								"north": {"uv": [0, 0], "uv_size": [0.00091, 0.0011]},
								"east": {"uv": [0, 0], "uv_size": [0.00091, 0.0011]},
								"south": {"uv": [0, 0], "uv_size": [0.00091, 0.0011]},
								"west": {"uv": [0, 0], "uv_size": [0.00091, 0.0011]},
								"up": {"uv": [0.00091, 0.0011], "uv_size": [-0.00091, -0.0011]},
								"down": {"uv": [0.00091, 0.0011], "uv_size": [-0.00091, -0.0011]}
							}
						},
						{
							"origin": [-6, -18.5, -30.16404],
							"size": [12, 62, 1.5],
							"pivot": [0, 0, 0],
							"rotation": [0, -22.5, 0],
							"uv": {
								"north": {"uv": [0, 0], "uv_size": [0.00091, 0.0011]},
								"east": {"uv": [0, 0], "uv_size": [0.00091, 0.0011]},
								"south": {"uv": [0, 0], "uv_size": [0.00091, 0.0011]},
								"west": {"uv": [0, 0], "uv_size": [0.00091, 0.0011]},
								"up": {"uv": [0.00091, 0.0011], "uv_size": [-0.00091, -0.0011]},
								"down": {"uv": [0.00091, 0.0011], "uv_size": [-0.00091, -0.0011]}
							}
						},
						{
							"origin": [-6, -18.5, -30.16404],
							"size": [12, 62, 1.5],
							"pivot": [0, 0, 0],
							"rotation": [0, -45, 0],
							"uv": {
								"north": {"uv": [0, 0], "uv_size": [0.00091, 0.0011]},
								"east": {"uv": [0, 0], "uv_size": [0.00091, 0.0011]},
								"south": {"uv": [0, 0], "uv_size": [0.00091, 0.0011]},
								"west": {"uv": [0, 0], "uv_size": [0.00091, 0.0011]},
								"up": {"uv": [0.00091, 0.0011], "uv_size": [-0.00091, -0.0011]},
								"down": {"uv": [0.00091, 0.0011], "uv_size": [-0.00091, -0.0011]}
							}
						},
						{
							"origin": [-6, -18.5, 28.66404],
							"size": [12, 62, 1.5],
							"pivot": [0, 0, 0],
							"rotation": [0, 45, 0],
							"uv": {
								"north": {"uv": [0, 0], "uv_size": [0.00091, 0.0011]},
								"east": {"uv": [0, 0], "uv_size": [0.00091, 0.0011]},
								"south": {"uv": [0, 0], "uv_size": [0.00091, 0.0011]},
								"west": {"uv": [0, 0], "uv_size": [0.00091, 0.0011]},
								"up": {"uv": [0.00091, 0.0011], "uv_size": [-0.00091, -0.0011]},
								"down": {"uv": [0.00091, 0.0011], "uv_size": [-0.00091, -0.0011]}
							}
						},
						{
							"origin": [-6, -18.5, 28.66404],
							"size": [12, 62, 1.5],
							"pivot": [0, 0, 0],
							"rotation": [0, 22.5, 0],
							"uv": {
								"north": {"uv": [0, 0], "uv_size": [0.00091, 0.0011]},
								"east": {"uv": [0, 0], "uv_size": [0.00091, 0.0011]},
								"south": {"uv": [0, 0], "uv_size": [0.00091, 0.0011]},
								"west": {"uv": [0, 0], "uv_size": [0.00091, 0.0011]},
								"up": {"uv": [0.00091, 0.0011], "uv_size": [-0.00091, -0.0011]},
								"down": {"uv": [0.00091, 0.0011], "uv_size": [-0.00091, -0.0011]}
							}
						},
						{
							"origin": [-6, -18.5, 28.66404],
							"size": [12, 62, 1.5],
							"uv": {
								"north": {"uv": [0, 0], "uv_size": [0.00091, 0.0011]},
								"east": {"uv": [0, 0], "uv_size": [0.00091, 0.0011]},
								"south": {"uv": [0, 0], "uv_size": [0.00091, 0.0011]},
								"west": {"uv": [0, 0], "uv_size": [0.00091, 0.0011]},
								"up": {"uv": [0.00091, 0.0011], "uv_size": [-0.00091, -0.0011]},
								"down": {"uv": [0.00091, 0.0011], "uv_size": [-0.00091, -0.0011]}
							}
						},
						{
							"origin": [-6, -18.5, 28.66404],
							"size": [12, 62, 1.5],
							"pivot": [0, 0, 0],
							"rotation": [0, -22.5, 0],
							"uv": {
								"north": {"uv": [0, 0], "uv_size": [0.00091, 0.0011]},
								"east": {"uv": [0, 0], "uv_size": [0.00091, 0.0011]},
								"south": {"uv": [0, 0], "uv_size": [0.00091, 0.0011]},
								"west": {"uv": [0, 0], "uv_size": [0.00091, 0.0011]},
								"up": {"uv": [0.00091, 0.0011], "uv_size": [-0.00091, -0.0011]},
								"down": {"uv": [0.00091, 0.0011], "uv_size": [-0.00091, -0.0011]}
							}
						},
						{
							"origin": [-6, -18.5, 28.66404],
							"size": [12, 62, 1.5],
							"pivot": [0, 0, 0],
							"rotation": [0, -45, 0],
							"uv": {
								"north": {"uv": [0, 0], "uv_size": [0.00091, 0.0011]},
								"east": {"uv": [0, 0], "uv_size": [0.00091, 0.0011]},
								"south": {"uv": [0, 0], "uv_size": [0.00091, 0.0011]},
								"west": {"uv": [0, 0], "uv_size": [0.00091, 0.0011]},
								"up": {"uv": [0.00091, 0.0011], "uv_size": [-0.00091, -0.0011]},
								"down": {"uv": [0.00091, 0.0011], "uv_size": [-0.00091, -0.0011]}
							}
						},
						{
							"origin": [28.66404, -18.5, -6],
							"size": [1.5, 62, 12],
							"pivot": [0, 0, 0],
							"rotation": [0, 22.5, 0],
							"uv": {
								"north": {"uv": [0, 0], "uv_size": [0.00091, 0.0011]},
								"east": {"uv": [0, 0], "uv_size": [0.00091, 0.0011]},
								"south": {"uv": [0, 0], "uv_size": [0.00091, 0.0011]},
								"west": {"uv": [0, 0], "uv_size": [0.00091, 0.0011]},
								"up": {"uv": [0.00091, 0.0011], "uv_size": [-0.00091, -0.0011]},
								"down": {"uv": [0.00091, 0.0011], "uv_size": [-0.00091, -0.0011]}
							}
						},
						{
							"origin": [28.66404, -18.5, -6],
							"size": [1.5, 62, 12],
							"uv": {
								"north": {"uv": [0, 0], "uv_size": [0.00091, 0.0011]},
								"east": {"uv": [0, 0], "uv_size": [0.00091, 0.0011]},
								"south": {"uv": [0, 0], "uv_size": [0.00091, 0.0011]},
								"west": {"uv": [0, 0], "uv_size": [0.00091, 0.0011]},
								"up": {"uv": [0.00091, 0.0011], "uv_size": [-0.00091, -0.0011]},
								"down": {"uv": [0.00091, 0.0011], "uv_size": [-0.00091, -0.0011]}
							}
						},
						{
							"origin": [28.66404, -18.5, -6],
							"size": [1.5, 62, 12],
							"pivot": [0, 0, 0],
							"rotation": [0, -22.5, 0],
							"uv": {
								"north": {"uv": [0, 0], "uv_size": [0.00091, 0.0011]},
								"east": {"uv": [0, 0], "uv_size": [0.00091, 0.0011]},
								"south": {"uv": [0, 0], "uv_size": [0.00091, 0.0011]},
								"west": {"uv": [0, 0], "uv_size": [0.00091, 0.0011]},
								"up": {"uv": [0.00091, 0.0011], "uv_size": [-0.00091, -0.0011]},
								"down": {"uv": [0.00091, 0.0011], "uv_size": [-0.00091, -0.0011]}
							}
						},
						{
							"origin": [-30.16404, -18.5, -6],
							"size": [1.5, 62, 12],
							"pivot": [0, 0, 0],
							"rotation": [0, 22.5, 0],
							"uv": {
								"north": {"uv": [0, 0], "uv_size": [0.00091, 0.0011]},
								"east": {"uv": [0, 0], "uv_size": [0.00091, 0.0011]},
								"south": {"uv": [0, 0], "uv_size": [0.00091, 0.0011]},
								"west": {"uv": [0, 0], "uv_size": [0.00091, 0.0011]},