{
	"format_version": "1.12.0",
	"minecraft:geometry": [
		{
			"description": {
				"identifier": "geometry.bloco_barracagoru",
				"texture_width": 1606,
				"texture_height": 1606,
				"visible_bounds_width": 4,
				"visible_bounds_height": 3.5,
				"visible_bounds_offset": [0, 1.25, 0]
			},
			"bones": [
				{
					"name": "BARRACA",
					"pivot": [0, 0, 0],
					"rotation": [0, -27.5, 0],
					"cubes": [
						{
							"origin": [-13.704, 0, -8.512],
							"size": [27.656, 17.288, 1],
							"uv": {
								"north": {"uv": [615, 974], "uv_size": [913, 549]},
								"east": {"uv": [227, 953], "uv_size": [1, 15]},
								"south": {"uv": [250, 953], "uv_size": [21, 15]},
								"west": {"uv": [249, 953], "uv_size": [1, 15]},
								"up": {"uv": [228, 952], "uv_size": [21, 1]},
								"down": {"uv": [249, 953], "uv_size": [21, -1]}
							}
						},
						{
							"origin": [-13.704, 0, 7.512],
							"size": [27.656, 17.288, 1],
							"uv": {
								"north": {"uv": [271, 953], "uv_size": [-21, 15]},
								"east": {"uv": [228, 953], "uv_size": [-1, 15]},
								"south": {"uv": [302, 982], "uv_size": [-93, 71]},
								"west": {"uv": [250, 953], "uv_size": [-1, 15]},
								"up": {"uv": [228, 953], "uv_size": [21, -1]},
								"down": {"uv": [249, 952], "uv_size": [21, 1]}
							}
						},
						{
							"origin": [-13.504, 7.48, -2],
							"size": [27.656, 16.776, 1],
							"inflate": -0.096,
							"pivot": [0.2, 7.512, -8.488],
							"rotation": [-90, 0, 0],
							"uv": {
								"north": {"uv": [271, 953], "uv_size": [-21, 15]},
								"east": {"uv": [228, 953], "uv_size": [-1, 15]},
								"south": {"uv": [276, 1000], "uv_size": [-54, 53]},
								"west": {"uv": [250, 953], "uv_size": [-1, 15]},
								"up": {"uv": [228, 953], "uv_size": [21, -1]},
								"down": {"uv": [249, 952], "uv_size": [21, 1]}
							}
						},
						{
							"origin": [-15.744, 6.36, -19.088],
							"size": [31.496, 19.24, 1],
							"inflate": -0.096,
							"pivot": [0.2, 7.512, -8.488],
							"rotation": [-90, 0, 0],
							"uv": {
								"north": {"uv": [334.58333, 1228.59], "uv_size": [-53.53333, 72.27]},
								"east": {"uv": [321.2, 1271.41667], "uv_size": [-93.68333, 53.53333]},
								"south": {"uv": [382.76333, 1258.03333], "uv_size": [-82.97667, 112.42]},
								"west": {"uv": [337.26, 1239.29667], "uv_size": [-66.91667, 96.36]},
								"up": {"uv": [281.05, 1324.95], "uv_size": [80.3, -48.18]},
								"down": {"uv": [248.93, 1279.44667], "uv_size": [93.68333, 77.62333]}
							}
						},
						{
							"origin": [-8.24, 0, 2.52],
							"size": [17, 17.288, 1],
							"pivot": [-5.192, 0, -5.44],
							"rotation": [0, -90, 0],
							"uv": {
								"north": {"uv": [251.60667, 1001.07333], "uv_size": [-21.41333, 16.06]},
								"east": {"uv": [228, 953], "uv_size": [-1, 15]},
								"south": {"uv": [264.99, 998.39667], "uv_size": [8.03, 93.68333]},
								"west": {"uv": [250, 953], "uv_size": [-1, 15]},
								"up": {"uv": [228, 953], "uv_size": [21, -1]},
								"down": {"uv": [249, 952], "uv_size": [21, 1]}
							}
						},
						{
							"origin": [-8.76, 0, 2.52],
							"size": [17, 17.288, 1],
							"pivot": [5.192, 0, -5.44],
							"rotation": [0, 90, 0],
							"uv": {
								"north": {"uv": [230.19333, 1001.07333], "uv_size": [21.41333, 16.06]},
								"east": {"uv": [249, 953], "uv_size": [1, 15]},
								"south": {"uv": [273.02, 998.39667], "uv_size": [-8.03, 93.68333]},
								"west": {"uv": [227, 953], "uv_size": [1, 15]},
								"up": {"uv": [249, 953], "uv_size": [-21, -1]},
								"down": {"uv": [270, 952], "uv_size": [-21, 1]}
							}
						},
						{
							"origin": [7.24, 17.696, 2.52],
							"size": [1, 17.288, 1],
							"pivot": [5.192, 0, -5.44],
							"rotation": [0, 90, 0],
							"uv": {
								"north": {"uv": [294.43333, 1268.74], "uv_size": [34.79667, 80.3]},
								"east": {"uv": [248.93, 1252.68], "uv_size": [77.62333, 32.12]},
								"south": {"uv": [329.23, 1271.41667], "uv_size": [-21.41333, 149.89333]},
								"west": {"uv": [299.78667, 1268.74], "uv_size": [13.38333, 56.21]},
								"up": {"uv": [313.17, 1300.86], "uv_size": [-85.65333, -56.21]},
								"down": {"uv": [339.93667, 1271.41667], "uv_size": [-91.00667, 69.59333]}
							}
						},
						{
							"origin": [-8.24, 17.696, 2.52],
							"size": [1, 17.288, 1],
							"pivot": [-5.192, 0, -5.44],
							"rotation": [0, -90, 0],
							"uv": {
								"north": {"uv": [329.23, 1268.74], "uv_size": [-34.79667, 80.3]},
								"east": {"uv": [313.17, 1268.74], "uv_size": [-13.38333, 56.21]},
								"south": {"uv": [307.81667, 1271.41667], "uv_size": [21.41333, 149.89333]},
								"west": {"uv": [326.55333, 1252.68], "uv_size": [-77.62333, 32.12]},
								"up": {"uv": [227.51667, 1300.86], "uv_size": [85.65333, -56.21]},
								"down": {"uv": [248.93, 1271.41667], "uv_size": [91.00667, 69.59333]}
							}
						},
						{
							"origin": [-8.24, 17.696, -3.52],
							"size": [1, 17.288, 1],
							"pivot": [-5.192, 0, 5.44],
							"rotation": [0, 90, 0],
							"uv": {
								"north": {"uv": [329.23, 1271.41667], "uv_size": [-21.41333, 149.89333]},
								"east": {"uv": [299.78667, 1268.74], "uv_size": [13.38333, 56.21]},
								"south": {"uv": [294.43333, 1268.74], "uv_size": [34.79667, 80.3]},
								"west": {"uv": [248.93, 1252.68], "uv_size": [77.62333, 32.12]},
								"up": {"uv": [227.51667, 1244.65], "uv_size": [85.65333, 56.21]},
								"down": {"uv": [248.93, 1341.01], "uv_size": [91.00667, -69.59333]}
							}
						},
						{
							"origin": [7.24, 17.696, -3.52],
							"size": [1, 17.288, 1],
							"pivot": [5.192, 0, 5.44],
							"rotation": [0, -90, 0],
							"uv": {
								"north": {"uv": [307.81667, 1271.41667], "uv_size": [21.41333, 149.89333]},
								"east": {"uv": [326.55333, 1252.68], "uv_size": [-77.62333, 32.12]},
								"south": {"uv": [329.23, 1268.74], "uv_size": [-34.79667, 80.3]},
								"west": {"uv": [313.17, 1268.74], "uv_size": [-13.38333, 56.21]},
								"up": {"uv": [313.17, 1244.65], "uv_size": [-85.65333, 56.21]},
								"down": {"uv": [339.93667, 1341.01], "uv_size": [-91.00667, -69.59333]}
							}
						},
						{
							"origin": [-14.44, 30.592, -8.768],
							"size": [28.52, 8.04, 0],
							"uv": {
								"north": {"uv": [572, 98], "uv_size": [1011, 239]},
								"east": {"uv": [0, 0], "uv_size": [0, 8.04]},
								"south": {"uv": [0, 0], "uv_size": [28.52, 8.04]},
								"west": {"uv": [0, 0], "uv_size": [0, 8.04]},
								"up": {"uv": [28.52, 0], "uv_size": [-28.52, 0]},
								"down": {"uv": [28.52, 0], "uv_size": [-28.52, 0]}
							}
						},
						{
							"origin": [-14.44, 34.688, -12.544],
							"size": [28.52, 17.608, 0],
							"pivot": [-0.18, 34.612, -8.768],
							"rotation": [-90, 0, 0],
							"uv": {
								"north": {"uv": [573, 116], "uv_size": [1009, 95]},
								"east": {"uv": [0, 0], "uv_size": [0, 8.04]},
								"south": {"uv": [0, 0], "uv_size": [28.52, 8.04]},
								"west": {"uv": [0, 0], "uv_size": [0, 8.04]},
								"up": {"uv": [28.52, 0], "uv_size": [-28.52, 0]},
								"down": {"uv": [28.52, 0], "uv_size": [-28.52, 0]}
							}
						},
						{
							"origin": [-14.44, 30.592, 8.768],
							"size": [28.52, 8.04, 0],
							"uv": {
								"north": {"uv": [28.52, 0], "uv_size": [-28.52, 8.04]},
								"east": {"uv": [0, 0], "uv_size": [0, 8.04]},
								"south": {"uv": [1583, 98], "uv_size": [-1007, 333]},
								"west": {"uv": [0, 0], "uv_size": [0, 8.04]},
								"up": {"uv": [28.52, 0], "uv_size": [-28.52, 0]},
								"down": {"uv": [28.52, 0], "uv_size": [-28.52, 0]}
							}
						},
						{
							"origin": [-8.648, 30.592, 14.336],
							"size": [17.416, 8.04, 0],
							"pivot": [0, 0, 0],
							"rotation": [0, -90, 0],
							"uv": {
								"north": {"uv": [28.52, 0], "uv_size": [-28.52, 8.04]},
								"east": {"uv": [0, 0], "uv_size": [0, 8.04]},
								"south": {"uv": [1565, 98],